gpslati,gpslong,nodeid,nodenm,nodeno
37.39365,126.9259667,GGB208000001,서안양우체국.국제나은병원,9157
37.3901,126.9289,GGB208000002,안양센트럴헤센.KCC스위첸,9172
37.3873,126.9312167,GGB208000003,만안구청,9180
37.3844167,126.93365,GGB208000004,성결대학교.안양아트센터.명학역,9190
37.3836,126.9385833,GGB208000005,명학대교,9207
37.3899833,126.9099667,GGB208000006,뉴골든아파트,9093
37.3883333,126.9090833,GGB208000007,금용아파트.장은한양아파트,9080
37.3859167,126.9065333,GGB208000008,병목안삼거리,9061
37.4019333,126.92145,GGB208000010,안양역,9145
37.41265,126.9093833,GGB208000011,새마을금고,9081
37.41125,126.9066833,GGB208000012,석수시장,9063
37.4101833,126.9066667,GGB208000013,갈뫼어린이공원,9062
37.4272,126.91505,GGB208000015,정심여자중고등학교,9122
37.4238667,126.9130167,GGB208000016,삼막교,9110
37.42265,126.91195,GGB208000017,느티나무.삼막맛거리촌,9103
37.4214333,126.9103667,GGB208000018,삼막동입구.삼막맛거리촌,9088
37.4137333,126.9170167,GGB208000019,삼성.세림아파트,9130
37.4101667,126.9138667,GGB208000020,안양예술공원지하도,9113
37.4102833,126.9135667,GGB208000021,안양예술공원지하도,9112
37.4140667,126.9169167,GGB208000022,삼성아파트,9129
37.42165,126.9102833,GGB208000023,삼막동입구.삼막맛거리촌,9089
37.4232333,126.91225,GGB208000024,느티나무.삼막맛거리촌,9104
37.4244833,126.91305,GGB208000025,삼막교,9111
37.42735,126.9148833,GGB208000026,정심여자중고등학교,9121
37.3842333,126.9022333,GGB208000027,창박골,9346
37.43245,126.9151333,GGB208000028,경인교육대후문,9120
37.4071333,126.92275,GGB208000030,양명고.양명여고.대우아파트,9149
37.41305,126.91965,GGB208000031,장애인복지회관,9142
37.4150167,126.918,GGB208000032,석수지구대,9135
37.4165333,126.91395,GGB208000033,안양예술공원,9115
37.4199167,126.9092833,GGB208000034,관악역,9082
37.4335833,126.90335,GGB208000037,석수역(중),9040
37.42265,126.90735,GGB208000040,한마음선원.관악역이안아파트,9067
37.4196333,126.9103333,GGB208000041,관악역,9084
37.4166667,126.91465,GGB208000042,안양예술공원,9119
37.4155833,126.9179167,GGB208000043,안양예술공원입구.아르테자이후문,9133
37.4068667,126.9234833,GGB208000045,양명고.양명여고.대우아파트,9150
37.3805833,126.9380833,GGB208000046,효성티앤씨.호계대교,9206
37.4186667,126.9067167,GGB208000047,동아제약물류센터,9066
37.3806333,126.9383667,GGB208000048,효성티앤씨.호계대교,9205
37.3904667,126.9254667,GGB208000050,안양문화원.소방서,9155
37.3890167,126.9259167,GGB208000051,안양세무서,9159
37.3870667,126.9268167,GGB208000052,만안경찰서,9165
37.3856,126.9273667,GGB208000053,만안평생교육센터,9167
37.3836167,126.92855,GGB208000054,만안청소년수련관.태양철물,9170
37.3822333,126.92975,GGB208000055,성결대학교,9174
37.4046,126.8930833,GGB208000056,노루페인트.대림한숲아파트,9012
37.4036833,126.89495,GGB208000057,충훈2교,9018
37.4017667,126.8985667,GGB208000058,한일아파트.삼봉마을,9030
37.4021667,126.902,GGB208000059,한라비발디아파트,9042
37.4025167,126.90535,GGB208000060,박달벽산.한양수자인에듀파크,9057
37.40265,126.9082333,GGB208000061,박달우성아파트,9074
37.4026833,126.9113833,GGB208000062,박달사거리.박달문화센터,9100
37.4027667,126.9154833,GGB208000063,안양여중고.안양성결교회,9127
37.4013833,126.9195,GGB208000064,대동문고.댕리단길,9139
37.399,126.9214667,GGB208000065,안양1번가.안양고용센터,9146
37.3960833,126.9239167,GGB208000066,남부시장,9153
37.3998667,126.9234333,GGB208000067,안양역,9152
37.3997833,126.9237667,GGB208000068,안양역,9154
37.40145,126.9222333,GGB208000069,안양역,9213
37.4158667,126.9074833,GGB208000070,석수현대아파트,9068
37.4126833,126.9101,GGB208000071,농협.KT석수지점,9092
37.4105833,126.9118833,GGB208000072,안양대교앞,9102
37.4092,126.9112333,GGB208000073,안양대교,9097
37.4083167,126.90785,GGB208000074,럭키아파트,9069
37.4063167,126.9083167,GGB208000075,박석교.삼정빌라,9076
37.4053,126.90895,GGB208000076,박달시장,9079
37.4038,126.9098667,GGB208000077,박달동행정복지센터,9091
37.4061667,126.8854,GGB208000078,호현마을,9006
37.4092167,126.8830833,GGB208000079,친목마을,9002
37.3821,126.93575,GGB208000080,명학초교,9201
37.3784167,126.9394833,GGB208000081,미도아파트.메트로병원,9224
37.3784667,126.9388667,GGB208000082,미도아파트.메트로병원,9208
37.3816333,126.9356167,GGB208000083,명학초교,9202
37.3833167,126.9390667,GGB208000084,명학대교,9209
37.3843333,126.9332333,GGB208000085,성결대학교.안양아트센터.명학역,9189
37.3869,126.9310833,GGB208000086,만안구청,9179
37.38975,126.92875,GGB208000087,안양센트럴헤센.KCC스위첸,9171
37.4062,126.90815,GGB208000088,박석교.삼정빌라,9071
37.4108667,126.9111833,GGB208000089,안양대교,9098
37.4143333,126.9082333,GGB208000090,석수시장.석수현대아파트,9073
37.41755,126.9086167,GGB208000091,석수현대아파트,9077
37.4188333,126.9086833,GGB208000092,관악역,9078
37.4226333,126.9057333,GGB208000093,석수체육공원.자동차학원.원태우지사의거지,9059
37.4312,126.9038167,GGB208000094,대림.LG.힐스테이트아파트(중),9054
37.3945167,126.92635,GGB208000095,우체국사거리.안양초교.중화한방병원,9161
37.4090667,126.8937833,GGB208000096,충훈부종점,9014
37.4079167,126.8951,GGB208000097,청란공원,9019
37.4073,126.8964333,GGB208000098,용강빌라,9027
37.4077333,126.8986,GGB208000099,충훈동행정복지센터.코오롱하늘채아파트,9032
37.4074,126.9000167,GGB208000100,석수초등학교,9037
37.4067667,126.9021167,GGB208000101,석수아이파크,9049
37.4085,126.9078,GGB208000102,럭키아파트,9070
37.4093,126.9110333,GGB208000103,안양대교,9096
37.4067833,126.915,GGB208000104,만안초교,9123
37.40395,126.91735,GGB208000105,안양여중고,9131
37.4065833,126.9020833,GGB208000106,석수아이파크,9043
37.40725,126.8999,GGB208000107,석수초등학교,9036
37.4075667,126.8988333,GGB208000108,충훈동행정복지센터.코오롱하늘채아파트,9031
37.4071,126.8960333,GGB208000109,용강빌라,9023
37.4080833,126.8947167,GGB208000110,청란공원,9016
37.4091,126.8835,GGB208000112,친목마을,9003
37.4072333,126.8849667,GGB208000113,호현마을,9212
37.3947833,126.9261833,GGB208000114,우체국사거리.안양초교.중화한방병원,9162
37.3971333,126.9306167,GGB208000115,안양역푸르지오더샵.비산대교,9177
37.42975,126.9043333,GGB208000116,대림.LG.힐스테이트아파트(중),9056
37.422,126.9065833,GGB208000117,원태우지사의거지.석수체육공원.자동차학원,9060
37.4181167,126.9070667,GGB208000118,동아제약물류센터,9064
37.3846667,126.9349833,GGB208000119,명학역,9199
37.388,126.9337667,GGB208000120,평성교회.호정타워,9192
37.3910667,126.9321,GGB208000121,주접지하도.삼익아파트,9185
37.3937667,126.93,GGB208000122,하이트타운아파트,9175
37.3966833,126.9266167,GGB208000123,남부시장,9163
37.3971833,126.92635,GGB208000124,남부시장,9164
37.3936333,126.93045,GGB208000125,하이트타운아파트,9176
37.3916333,126.9319833,GGB208000126,주접지하도.삼익아파트,9184
37.3880167,126.9339833,GGB208000127,평성교회.호정타워,9193
37.3857833,126.9348333,GGB208000128,명학역,9197
37.4261833,126.9027167,GGB208000129,연현초교,9048
37.4171667,126.9083167,GGB208000130,석수현대아파트.관악역,9072
37.3843833,126.9023167,GGB208000132,창박골,9047
37.3849,126.9037333,GGB208000133,현대아파트.안양서중학교,9055
37.3860167,126.9064833,GGB208000134,병목안삼거리,9065
37.3882333,126.9088833,GGB208000135,금용아파트.장은한양아파트,9085
37.39,126.9097833,GGB208000136,뉴골든아파트,9090
37.3925833,126.9094167,GGB208000137,새마을,9087
37.3946667,126.9126333,GGB208000138,프라자아파트.안양예고입구,9107
37.3916833,126.9350667,GGB208000143,은평교회,9198
37.3904167,126.9377,GGB208000144,태광전자,9204
37.3901333,126.9398833,GGB208000145,평촌한신더휴.광신프로그레스,9211
37.3901167,126.9392667,GGB208000146,평촌한신더휴.광신프로그레스,9210
37.3903,126.93785,GGB208000147,태광전자,9203
37.3908833,126.9351,GGB208000148,유토피아,9200
37.3939167,126.9117,GGB208000153,프라자아파트,9101
37.3925,126.9096,GGB208000154,새마을,9086
37.3929,126.9261,GGB208000155,서안양우체국.국제나은병원,9160
37.3963667,126.9231667,GGB208000156,벽산상가.2001아울렛,9151
37.3993167,126.9207333,GGB208000157,안양중앙시장.안양고용센터,9144
37.40145,126.919,GGB208000158,안양시외버스정류소.교보생명.댕리단길,9138
37.4025667,126.9150833,GGB208000159,안양여중고.안양성결교회,9124
37.4024833,126.9113167,GGB208000160,박달사거리.박달문화센터,9099
37.4024667,126.9083,GGB208000161,박달우성아파트,9075
37.4023167,126.9054167,GGB208000162,호현동행정복지센터.한양수자인에듀파크,9058
37.4018833,126.9018,GGB208000163,한라비발디아파트,9038
37.4016667,126.8977667,GGB208000164,한일아파트.삼봉마을,9028
37.4026,126.8961333,GGB208000165,충훈부입구.충훈2교,9024
37.4048167,126.8917667,GGB208000166,노루페인트.대림한숲아파트,9009
37.4048,126.8866167,GGB208000167,호현삼거리,9007
37.4042333,126.88535,GGB208000168,박달주유소,9005
37.40545,126.8905333,GGB208000169,코카콜라물류센터,9008
37.3829667,126.9317,GGB208000170,새마을금고,9183
37.3831,126.9326667,GGB208000171,상록지구,9187
37.3823,126.9306333,GGB208000172,성결대학교,9178
37.3829,126.92895,GGB208000173,수안재,9173
37.3835333,126.9284167,GGB208000174,만안청소년수련관.태양철물,9169
37.3853,126.9273333,GGB208000175,만안평생교육센터,9168
37.3869833,126.9266333,GGB208000176,만안경찰서,9166
37.3891333,126.9256833,GGB208000177,안양세무서,9158
37.3899,126.92535,GGB208000178,소방서,9156
37.4018,126.9110667,GGB208000179,삼성빌라,9094
37.4004333,126.9126333,GGB208000180,진흥아파트,9106
37.39815,126.91325,GGB208000181,정우아파트,9109
37.3968,126.9141,GGB208000182,안양3동행정복지센터,9114
37.3960833,126.91525,GGB208000183,성원아파트,9125
37.3977,126.9171667,GGB208000184,삼덕공원,9132
37.39905,126.9188333,GGB208000185,중앙시장.BYC안양오피스텔,9141
37.3981833,126.92215,GGB208000186,안양1번가.안양역,9147
37.3984333,126.9182667,GGB208000187,삼덕공원,9134
37.3959667,126.9154167,GGB208000188,성원아파트,9126
37.3964,126.9141667,GGB208000189,연성대학교,9116
37.3983833,126.9130167,GGB208000190,정우아파트,9108
37.4003167,126.9124667,GGB208000191,진흥아파트,9105
37.4016333,126.9108667,GGB208000192,삼성빌라,9095
37.4101,126.8921833,GGB208000193,충훈고교,9010
37.4174,126.8955833,GGB208000194,생태이야기관.안양그린마루,9020
37.41725,126.8957667,GGB208000195,생태이야기관.안양그린마루,9021
37.4102167,126.89235,GGB208000196,충훈고교,9011
37.4033333,126.91945,GGB208000197,안양사거리.청원놀이터,9140
37.4052833,126.8959167,GGB208000198,충훈2교,9022
37.38555,126.9064667,GGB208000200,병목안시민공원,9194
37.3805167,126.9059167,GGB208000201,병목안로식당가,9195
37.4043333,126.8989667,GGB208000202,서초빌라,9033
37.4045667,126.8962333,GGB208000203,충훈2교,9026
37.4044833,126.9164333,GGB208000204,안양여중고,9128
37.4071,126.9142667,GGB208000205,신협,9117
37.4045,126.9091833,GGB208000206,박달동행정복지센터,9083
37.4032667,126.91885,GGB208000207,청원놀이터,9217
37.4057667,126.9035833,GGB208000208,충훈1교,9044
37.4058333,126.90335,GGB208000209,충훈1교,9039
37.3762,126.9054,GGB208000210,성은침례교회,9196
37.3725167,126.9047833,GGB208000211,수리산성지,9219
37.3649833,126.9016167,GGB208000212,수리산등산로입구,9221
37.37215,126.90485,GGB208000213,수리산성지,9223
37.37615,126.9055167,GGB208000214,성은침례교회,9236
37.3805,126.9060167,GGB208000215,병목안로식당가,9353
37.3855,126.9065667,GGB208000216,병목안시민공원,9354
37.41425,126.9008833,GGB208000217,화창로,9355
37.4141333,126.9006833,GGB208000218,화창로,9356
37.3950667,126.9138167,GGB208000230,성원아파트3동,9216
37.4117167,126.9209667,GGB208000233,안양시관악장애인종합복지관,9215
37.40905,126.8935,GGB208000236,차고지입구,9214
37.4004,126.9211667,GGB208000244,안양1번가,9220
37.3851667,126.905,GGB208000245,현대아파트.안양서중학교,9222
37.4287667,126.8986,GGB208000251,연현중학교,9225
37.3969167,126.9307167,GGB208000252,래미안메가트리아상가앞.비산대교,9347
37.3984333,126.9214833,GGB208000254,포스빌.안양고용센터,9237
37.4336667,126.9021167,GGB208000255,석수역,9228
37.4311,126.9026167,GGB208000256,현진에버빌아파트,9230
37.4291667,126.9030167,GGB208000257,LG아파트,9227
37.42715,126.9035167,GGB208000258,석수하우스토리아파트,9229
37.3934667,126.9085,GGB208000260,사회복지관,9234
37.3932167,126.9086167,GGB208000261,사회복지관,9235
37.3925167,126.9047167,GGB208000262,효성아파트입구,9233
37.3926,126.905,GGB208000263,효성아파트입구,9232
37.39265,126.9035167,GGB208000264,효성아파트.종점,9231
37.4305333,126.8990667,GGB208000265,LG아파트후문,9238
37.4166167,126.8974167,GGB208000266,석수하수처리장.안양그린마루,9243
37.4168,126.8969833,GGB208000267,안양그린마루.석수하수처리장,9244
37.4133167,126.9045833,GGB208000268,영풍아파트,9245
37.41345,126.90515,GGB208000269,영풍아파트,9246
37.4125333,126.9060333,GGB208000270,석수도서관,9247
37.41175,126.9062333,GGB208000271,석수도서관,9248
37.3942667,126.9366167,GGB208000273,덕천교,9250
37.3928167,126.9368167,GGB208000274,덕천초등학교.아이에스비즈타워,9251
37.3926833,126.9368833,GGB208000275,아이에스비즈타워.덕천초등학교,9252
37.3945,126.9366333,GGB208000276,덕천교,9253
37.3955,126.9346,GGB208000277,래미안메가트리아2단지,9254
37.39525,126.9345333,GGB208000278,래미안메가트리아2단지,9255
37.3850167,126.9326833,GGB208000281,성결대학교.안양아트센터.명학역,9257
37.3978667,126.9219667,GGB208000282,안양중앙시장,9218
37.4325833,126.8999833,GGB208000284,두산위브아파트,9226
37.3859333,126.9326833,GGB208000285,보건소.만안구청,9340
37.3861833,126.9328667,GGB208000286,보건소.만안구청,9339
37.3966167,126.9314333,GGB208000287,래미안메가트리아1단지,9034
37.41145,126.90665,GGB208000290,충훈터널.석수도서관,9258
37.4331,126.9142333,GGB208000291,안양해솔학교,9118
37.41345,126.9200167,GGB208000292,안양시관악장애인종합복지관후문,9181
37.39945,126.9004167,GGB208000294,금호아파트,9262
37.4003833,126.9023833,GGB208000295,박달초교.안양고교,9263
37.4015167,126.9050167,GGB208000296,열린문교회,9264
37.4128,126.9092,GGB208000307,석수시장.북부새마을금고,9259
37.4003333,126.9026833,GGB208000309,박달초교.안양고교,9276
37.4022,126.9061167,GGB208000310,박달삼거리,9277
37.3959333,126.9478667,GGB208000313,샛별한양아파트.한양스포츠센터,9279
37.3995,126.9001667,GGB208000367,금호아파트,9331
37.4013167,126.905,GGB208000368,열린문교회,9332
37.3982833,126.8989333,GGB208000369,1580부대서조레스텔,9333
37.3981833,126.899,GGB208000370,1580부대서조레스텔,9334
37.39645,126.9325167,GGB208000379,래미안메가트리아1단지,9345
37.4194,126.8947833,GGB208000380,석수동버스공영차고지,9015
37.4196333,126.8948167,GGB208000381,석수동버스공영차고지,9017
37.4045333,126.89915,GGB208000382,서초빌라,9348
37.40375,126.8850167,GGB208000384,호현마을.박달주유소,9350
37.4014,126.92815,GGB209000002,대림대학,10001
37.4011167,126.9292667,GGB209000003,대림대학,10002
37.3729,126.9659,GGB209000004,덕고개사거리,10199
37.3711833,126.9616667,GGB209000005,호계1동행정복지센터.평촌센텀퍼스트,10120
37.3704,126.9593167,GGB209000006,호계사거리,10105
37.36955,126.9559667,GGB209000007,서안이노빌.평촌어바인퍼스트,10086
37.3685833,126.9541333,GGB209000008,유통단지사거리,10068
37.36825,126.95415,GGB209000009,유통단지사거리,10069
37.3699,126.9558167,GGB209000010,평촌어바인퍼스트아파트,10083
37.3709667,126.9596667,GGB209000011,호계사거리,10106
37.3725167,126.9634333,GGB209000012,덕고개사거리,10128
37.3748167,126.9670833,GGB209000013,샘마을단지.대안중.대안여중,10200
37.3790667,126.97015,GGB209000014,안양남초등학교,10157
37.3853333,126.951,GGB209000015,내촌마을,10056
37.3882333,126.9487667,GGB209000016,범계사거리,10039
37.3885333,126.9491667,GGB209000018,범계사거리,10040
37.4063667,126.9699833,GGB209000019,동편수변공원앞,10058
37.3819667,126.95345,GGB209000020,무궁화한양아파트.방축사거리,10065
37.37935,126.9548667,GGB209000021,무궁화코오롱.건영아파트,10074
37.37755,126.9558167,GGB209000022,무궁화태영아파트.평촌더샵아이파크,10080
37.3740333,126.9576,GGB209000023,호계종합시장.평촌센텀퍼스트,10093
37.3716667,126.9580833,GGB209000024,호계사거리.호계전통시장.윌스기념병원,10097
37.3672333,126.9584833,GGB209000025,호계3동행정복지센터,10100
37.3627833,126.9612,GGB209000026,호계현대홈타운.e편한세상아파트,10111
37.3830667,126.9720667,GGB209000027,농수산물시장.포일단지입구,10159
37.3870667,126.9724167,GGB209000028,민백마을,10161
37.3918667,126.9739833,GGB209000029,오뚜기식품.두산벤처다임,10164
37.3952167,126.97545,GGB209000030,인덕원역AK밸리.플러스아울렛,10170
37.4008833,126.9764333,GGB209000031,인덕원역4번출구,10175
37.4028167,126.9751,GGB209000032,인덕원역7번출구,10171
37.4002833,126.96475,GGB209000033,더샵센트럴시티정문,10365
37.4035167,126.9738833,GGB209000034,인덕원역4호선.인덕원성당,10166
37.40455,126.96995,GGB209000035,부림마을.인덕원동행정복지센터,10156
37.4042833,126.9655833,GGB209000036,중촌마을.동안치매안심센터,10139
37.4034167,126.96055,GGB209000037,관양시장.관양중학교,10107
37.4023667,126.9547833,GGB209000038,수촌마을,10072
37.4017,126.9511833,GGB209000039,종합운동장,10055
37.4007333,126.9482167,GGB209000040,삼호아파트.평촌우리병원,10035
37.3986833,126.94265,GGB209000041,미륭아파트,10014
37.3986333,126.9388167,GGB209000042,비산롯데캐슬.평촌래미안푸르지오,10009
37.39865,126.93635,GGB209000043,비산사거리.이마트,10005
37.3979333,126.93265,GGB209000044,비산농협,10003
37.399,126.9358,GGB209000045,비산사거리.이마트,10004
37.39905,126.9384333,GGB209000046,삼성래미안아파트,10007
37.3990833,126.9443333,GGB209000047,동양월드타워,10017
37.4008833,126.9475667,GGB209000048,삼호아파트.평촌우리병원,10034
37.4022833,126.9513667,GGB209000049,종합운동장,10059
37.4030167,126.9554167,GGB209000050,수촌마을,10076
37.4040667,126.9611833,GGB209000051,관양시장.관양중학교,10112
37.4048,126.9654667,GGB209000052,중촌마을.동안치매안심센터,10140
37.3974667,126.9691333,GGB209000053,평촌차고지,10162
37.3947167,126.96465,GGB209000054,평촌역,10133
37.3901667,126.9647333,GGB209000055,평안동행정복지센터.동안고등학교,10135
37.3897167,126.9634333,GGB209000056,초원성원아파트,10130
37.3875,126.9634333,GGB209000057,초원대림아파트,10127
37.3859667,126.96265,GGB209000058,현대아파트,10121
37.3837667,126.9560333,GGB209000059,무궁화금호아파트,10085
37.3921667,126.9463,GGB209000060,은하수청구아파트,10026
37.394,126.9468333,GGB209000061,부흥초교.부흥중학교,10029
37.3961667,126.95075,GGB209000062,샛별단지,10052
37.3977833,126.9554667,GGB209000063,부림중.부안초.한가람단지,10081
37.4001,126.9564667,GGB209000064,한가람삼성아파트,10088
37.4002667,126.9568833,GGB209000065,공작마을럭키아파트,10091
37.39755,126.95545,GGB209000066,부림중.부안초.한가람단지,10079
37.39595,126.9509,GGB209000067,샛별한양아파트,10053
37.3935,126.9466667,GGB209000068,부흥동행정복지센터,10027
37.3919333,126.94705,GGB209000069,은하수벽산아파트,10031
37.38455,126.9572333,GGB209000070,목련우성아파트,10092
37.3859833,126.9615833,GGB209000071,향촌현대아파트,10115
37.3874833,126.963,GGB209000072,향촌현대아파트,10125
37.3897167,126.9627333,GGB209000073,초원세경아파트,10123
37.3905,126.9650167,GGB209000074,평안동행정복지센터,10138
37.3942667,126.9645833,GGB209000075,평촌역,10132
37.3974833,126.9693,GGB209000076,평촌차고지,10160
37.3708667,126.9503167,GGB209000077,안양국제유통단지,10051
37.3711667,126.9504167,GGB209000078,안양국제유통단지,10048
37.3675333,126.95545,GGB209000079,호계구사거리,10075
37.37185,126.96195,GGB209000080,호계1동행정복지센터.평촌센텀퍼스트,10118
37.3974333,126.9468833,GGB209000081,경기게임마이스터고등학교,10030
37.3933,126.9499333,GGB209000082,동안구청.달안초등학교.홈플러스,10045
37.38465,126.9546,GGB209000084,범계중학교,10073
37.3823,126.9558333,GGB209000085,무궁화금호아파트,10084
37.3806333,126.95675,GGB209000086,무궁화진흥아파트,10089
37.3808333,126.95635,GGB209000087,무궁화코오롱.건영아파트,10087
37.38215,126.9556167,GGB209000088,무궁화효성한양아파트,10082
37.3845833,126.9542833,GGB209000089,범계중학교,10070
37.3883167,126.9523,GGB209000090,목련선경아파트,10062
37.3930833,126.9497333,GGB209000091,동안구청.달안초등학교.홈플러스,10044
37.3971167,126.9467,GGB209000092,경기게임마이스터고등학교,10028
37.3884167,126.9470667,GGB209000093,안양우편물류센터,10033
37.3906667,126.9496667,GGB209000094,동안경찰서.범계역,10046
37.3896167,126.9519167,GGB209000095,범계역,10061
37.39395,126.95865,GGB209000097,안양시청,10090
37.3955,126.9631667,GGB209000098,법원검찰청.평촌역,10126
37.39615,126.9683,GGB209000099,안양시자원회수시설,10150
37.3966667,126.97485,GGB209000100,대륭테크노타운,10167
37.39435,126.9773333,GGB209000101,평촌동행정복지센터.벌말경로당,10178
37.3939333,126.97875,GGB209000102,인덕원센트럴푸르지오.래미안더포인트아파트,10183
37.3937333,126.9786667,GGB209000103,래미안인덕원더포인트.센트럴푸르지오아파트,10182
37.3942167,126.9771833,GGB209000104,평촌동행정복지센터.벌말경로당,10176
37.3963,126.9744,GGB209000105,한국교통안전공단안양검사소,10165
37.3957833,126.9683333,GGB209000106,안양시자원회수시설,10149
37.3948,126.9624167,GGB209000107,법원검찰청.평촌역,10122
37.39315,126.95765,GGB209000108,안양시청,10095
37.3916,126.9530667,GGB209000109,문화의거리,10067
37.3881167,126.9472,GGB209000110,안양우편물류센터,10032
37.3979333,126.9772667,GGB209000111,인덕원초교.삼성아파트,10179
37.39525,126.9760333,GGB209000112,평촌동행정복지센터.e편한세상아파트,10174
37.39185,126.9745667,GGB209000113,나눔초등학교.오뚜기식품.두산번체다임,10168
37.3874167,126.9730167,GGB209000114,민백마을,10163
37.40505,126.9693833,GGB209000115,부림마을,10154
37.4031333,126.9756167,GGB209000116,인덕원역8번출구,10173
37.3867333,126.9448667,GGB209000117,경원여객안양차고지,10018
37.3849667,126.9432167,GGB209000118,효성티앤씨.진영레미콘,10016
37.3851833,126.94295,GGB209000119,효성티앤씨.진영레미콘,10015
37.38655,126.9446167,GGB209000120,경원여객안양차고지,10019
37.3687167,126.9577833,GGB209000121,한성병원.호계3동행정복지센터,10098
37.37115,126.9575833,GGB209000122,호계사거리.호계전통시장.평촌어바인퍼스트1단지,10096
37.3733,126.9573333,GGB209000123,윌스기념병원.평촌어바인퍼스트정문,10094
37.3773167,126.9553167,GGB209000124,평촌어바인퍼스트2단지.무궁화태영아파트,10078
37.3787167,126.9545667,GGB209000125,호계중학교.평촌트리지아3단지,10071
37.3820167,126.9527833,GGB209000126,평촌트리지아2단지.방축사거리,10064
37.3908333,126.9611833,GGB209000130,중앙공원,10110
37.3920333,126.9531,GGB209000131,동안구청,10066
37.39115,126.9614333,GGB209000132,한림대병원후문,10113
37.3903,126.9500333,GGB209000135,롯데백화점.범계역,10047
37.40005,126.9771833,GGB209000142,인덕원역3번출구,10177
37.3677167,126.9506167,GGB209000143,평촌두산위브더프라임아파트,10050
37.3674333,126.95095,GGB209000144,평촌두산위브더프라임아파트,10054
37.3897833,126.9422833,GGB209000145,안양감리교회,10013
37.3894167,126.9449333,GGB209000146,안양우편물류센터후문,10021
37.3908,126.9454833,GGB209000147,부흥고등학교.임광아파트,10025
37.3893167,126.9450833,GGB209000148,안양우편물류센터후문,10023
37.3896333,126.9425833,GGB209000149,안양감리교회,10012
37.3990667,126.9794667,GGB209000150,인덕원삼성아파트.인덕원고등학교,10184
37.4006667,126.97795,GGB209000151,인덕원역2번출구,10180
37.4011333,126.9780667,GGB209000152,인덕원역1번출구,10181
37.39875,126.9804333,GGB209000153,인덕원삼성아파트.인덕원고등학교,10186
37.38195,126.95035,GGB209000154,호계도서관.평촌트리지아1단지,10049
37.38195,126.94925,GGB209000155,한전.호계체육관,10038
37.3822667,126.9489333,GGB209000156,한전.호계체육관,10041
37.3822667,126.9509,GGB209000157,호계도서관,10057
37.3829667,126.9671,GGB209000158,한신아파트,10144
37.3842333,126.9647167,GGB209000159,귀인중학교,10134
37.3843333,126.9651333,GGB209000160,귀인중학교,10137
37.3832167,126.9666167,GGB209000161,한신아파트,10142
37.3940167,126.9754667,GGB209000162,벌말도서관.평촌동행정복지센터,10172
37.3838,126.9697167,GGB209000163,농수산물도매시장,10155
37.3849,126.9689833,GGB209000164,꿈마을단지,10152
37.3867667,126.9687333,GGB209000165,꿈마을라이프,10151
37.3900833,126.96695,GGB209000166,동안고등학교정문,10145
37.3905,126.96705,GGB209000167,초원한양아파트,10143
37.3866333,126.9691,GGB209000168,꿈마을단지,10153
37.3841833,126.9704333,GGB209000169,농수산물도매시장,10158
37.37435,126.9636167,GGB209000170,평촌과학기술고등학교,10129
37.3759,126.9628167,GGB209000171,덕현초교,10124
37.3783833,126.9616833,GGB209000172,자유공원.평촌아트홀,10116
37.3826,126.96025,GGB209000173,평촌학원가.먹자거리,10108
37.3845333,126.9592167,GGB209000174,학원가사거리.먹자골목,10104
37.3923667,126.94535,GGB209000175,부흥고교,10024
37.3942333,126.9411333,GGB209000176,비산힐스테이트,10010
37.3969167,126.9371833,GGB209000177,비산한화꿈에그린아파트.비산사거리,10006
37.3966833,126.93885,GGB209000178,이마트.비산사거리.평촌래미안푸르지오2문,10008
37.3946,126.9415,GGB209000179,관악타운,10011
37.3926167,126.9450833,GGB209000180,부흥고교,10022
37.3827333,126.9606833,GGB209000181,평촌학원가.먹자거리,10109
37.3791667,126.96215,GGB209000182,자유공원.평촌아트홀,10117
37.3774,126.96255,GGB209000183,자유공원,10119
37.3749,126.9639,GGB209000184,평촌과학기술고등학교,10131
37.3974167,126.98185,GGB209000185,포일어울림센터.인덕원삼호아파트,10188
37.3974833,126.9823167,GGB209000186,포일어울림센터.인덕원삼호아파트,10187
37.38765,126.96705,GGB209000192,귀인초등학교.초원대원아파트,10382
37.3669833,126.9541833,GGB209000196,평촌두산위브리버뷰아파트,10043
37.36695,126.95435,GGB209000197,평촌두산위브리버뷰아파트,10141
37.4106,126.95065,GGB209000202,비산체육공원,10195
37.4036833,126.9433667,GGB209000203,평촌엘프라우드2단지,10271
37.3933833,126.9460333,GGB209000205,부흥중고등학교,10366
37.3857167,126.954,GGB209000206,평촌고등학교,10190
37.3857667,126.9591,GGB209000208,학원가사거리.향촌현대아파트,10384
37.4065667,126.9699167,GGB209000219,동편수변공원앞,10191
37.3858167,126.95135,GGB209000221,목련마을,10194
37.3830333,126.9538,GGB209000222,무궁화효성아파트,10396
37.3668667,126.9558833,GGB209000224,호계아크로리버,10196
37.3725667,126.9477167,GGB209000225,LS타워,10197
37.3724167,126.9484833,GGB209000226,LS타워,10198
37.4036333,126.9617,GGB209000227,관양시장.관양중학교,10114
37.3990167,126.9426667,GGB209000229,e편한세상아파트,10216
37.3930167,126.9630667,GGB209000231,한림대병원,10201
37.3993833,126.9659667,GGB209000232,휴비츠.뷰웍스,10367
37.3988,126.9620333,GGB209000233,부안중학교,10202
37.3977667,126.9624167,GGB209000234,힐스테이트에코평촌.부안중학교,10203
37.3992667,126.95975,GGB209000235,부림초등학교,10204
37.3991333,126.9601167,GGB209000236,부안중학교,10205
37.3987333,126.9582167,GGB209000237,공작마을.성일아파트,10206
37.3984667,126.95815,GGB209000238,공작마을.부영아파트,10207
37.3661667,126.9580167,GGB209000240,호계삼거리.디오슈페리움,10210
37.3657167,126.9576,GGB209000241,호계삼거리.디오슈페리움,10208
37.4078333,126.9675667,GGB209000247,관악초등학교,10221
37.40775,126.9679667,GGB209000248,관악초등학교,10222
37.4109333,126.9683333,GGB209000249,동편마을1단지,10223
37.4108833,126.9686,GGB209000250,동편마을1단지,10224
37.41105,126.972,GGB209000251,동편마을2단지,10226
37.4103,126.9723333,GGB209000252,동편마을2단지,10231
37.40875,126.9715,GGB209000253,해오름공원.동편마을4단지후문,10232
37.4078,126.9713833,GGB209000254,해오름공원.동편마을4단지후문,10227
37.4027167,126.9708167,GGB209000255,인덕원동행정복지센터,10228
37.4009333,126.9698167,GGB209000257,금강펜터리움IT타워,10229
37.4012833,126.9703,GGB209000258,동일테크노타운,10230
37.4051167,126.9718333,GGB209000259,동편마을입구,10233
37.4056,126.9500667,GGB209000261,종합운동장정문,10234
37.4112667,126.9512,GGB209000264,안양비산동종점,10215
37.4069167,126.94995,GGB209000267,종합운동장수영장.비산동교회,10214
37.4037167,126.9492,GGB209000268,종합운동장,10218
37.3851833,126.9693,GGB209000269,귀인동행정복지센터,10235
37.39935,126.9691667,GGB209000271,평촌스마트베이.오비즈타워,10239
37.3992,126.9689667,GGB209000272,평촌스마트베이.오비즈타워,10240
37.4066333,126.9712833,GGB209000273,동편카페거리.관양119안전센터,10241
37.4066167,126.9710333,GGB209000274,동편카페거리.관양119안전센터,10242
37.3989333,126.9318167,GGB209000275,비산화성파크드림,10243
37.3960667,126.9529667,GGB209000279,샛별아파트,10245
37.3885,126.9706667,GGB209000289,새중앙교회,10255
37.3882,126.9704833,GGB209000290,꿈마을우성아파트,10256
37.39595,126.9482167,GGB209000296,샛별한양아파트.한양스포츠센터,10261
37.3869667,126.9657667,GGB209000300,귀인초등학교,10265
37.3968833,126.9633333,GGB209000303,안양법원,10268
37.3910167,126.95145,GGB209000304,범계역.힐스테이트,10346
37.39585,126.9536,GGB209000352,세경아파트후문,10316
37.4057167,126.9432,GGB209000360,평촌엘프라우드아파트1단지,10324
37.3932,126.95145,GGB209000368,홈플러스.동안구청,10332
37.3931833,126.9519667,GGB209000369,동안구청.동안구보건소.우체국,10333
37.3994833,126.9658667,GGB209000386,뷰웍스.휴비츠,10352
37.39895,126.9640333,GGB209000387,더샵센트럴시티,10353
37.3975667,126.9664,GGB209000389,평촌스마트스퀘어,10355
37.3958833,126.96555,GGB209000396,스마트스퀘어.대한전선앞,10336
37.3919333,126.9503667,GGB209000397,청소년수련관.범계역,10363
37.3993833,126.93195,GGB209000399,비산로제비앙,10368
37.3975167,126.9661167,GGB209000401,평촌스마트스퀘어,10370
37.4031333,126.9743667,GGB209000403,인덕원성당,10386
37.4265,126.8809667,GGB213000105,기형도문학관.황용사,14190
37.42985,126.8807667,GGB213000106,오리서원.충현중학교.광휘고등학교,14188
37.43355,126.8791167,GGB213000107,소하2동행정복지센터.광명동굴길입구,14169
37.4382,126.8792167,GGB213000108,서면초.안서중.창의경영고,14168
37.44145,126.8792833,GGB213000110,소하성당,14170
37.4371167,126.8799,GGB213000136,서면초.안서중.창의경영고,14178
37.4355167,126.87955,GGB213000137,광명시여성비전센터,14237
37.4203333,126.8912333,GGB213000140,자경마을.석수스마트타운,14232
37.4205667,126.8913333,GGB213000141,자경마을.석수스마트타운,14231
37.41415,126.87925,GGB213000142,광명역푸르지오.빛가온초등학교,14186
37.4136833,126.8790833,GGB213000143,광명역푸르지오.빛가온초등학교,14180
37.41695,126.8839833,GGB213000145,KTX광명역2번출구,14211
37.4355167,126.8793,GGB213000200,광명시여성비전센터,14173
37.44635,126.8807,GGB213000201,수자원공사광명가압장,14189
37.4158,126.8854833,GGB213000216,KTX광명역7번출구,14219
37.4414,126.8795333,GGB213000225,소하성당,14176
37.4339,126.8795,GGB213000227,소하2동행정복지센터.광명동굴길입구,14171
37.4299667,126.8811333,GGB213000228,충현중학교.광휘고등학교.오리서원,14193
37.4256667,126.8813167,GGB213000229,기형도문학관.황용사,14195
37.4227,126.88395,GGB213000232,이케아.롯데몰광명점,14213
37.4133,126.88565,GGB213000254,일직파출소,14495
37.4136833,126.8855667,GGB213000255,일직파출소,14494
37.4209167,126.8875667,GGB213000386,코스트코광명점,14226
37.41835,126.8868833,GGB213000399,광명종합터미널,14377
37.4230167,126.8826833,GGB213000400,이케아.롯데몰광명점,14378
37.4210833,126.8878,GGB213000407,코스트코광명점.자경마을,14384
37.4145667,126.8820167,GGB213000408,양지마을,14385
37.4148667,126.8823333,GGB213000412,광명역B주차장,14413
37.4181333,126.8831667,GGB213000481,광명역데시앙.일직동행정복지센터,14459
37.41615,126.8820667,GGB213000484,광명역써밋플레이스아브뉴프랑광명,14462
37.42085,126.8846333,GGB213000485,코스트코광명점,14463
37.4185167,126.8837333,GGB213000488,광명역A주차장,14466
37.40185,126.8769333,GGB224000518,범고개,25776
37.4216833,126.9887,GGB220000003,수자원공사.센트레빌아스테리움,21006
37.4266,126.9899167,GGB220000004,정부과천청사역3번출구,21010
37.4264333,126.9902833,GGB220000025,정부과천청사역2번출구,21009
37.42165,126.98905,GGB220000026,과천위버필드.래미안슈르,21007
37.4151,126.9843,GGB220000027,찬우물,21004
37.4121167,126.9812333,GGB220000028,과천지식정보타운,21002
37.4114167,126.9802833,GGB220000029,과천지식정보타운,21001
37.4154833,126.98395,GGB220000030,찬우물,21003
37.4190167,126.9885833,GGB220000031,정보과학도서관.원문동행정복지센터,21031
37.4082333,126.97925,GGB220000082,과천린파밀리에,21072
37.4082667,126.9798167,GGB220000092,과천린파밀리에,21082
37.40195,126.87645,GGB224000001,범고개,25640
37.36675,126.9296333,GGB225000001,군포문화예술회관,26037
37.3646833,126.9271833,GGB225000002,엘림복지원,26031
37.3612833,126.9234333,GGB225000003,둔전초등학교,26010
37.35905,126.9236333,GGB225000004,경기폴리텍고등학교,26011
37.3547333,126.92635,GGB225000005,도장중학교,26026
37.3720667,126.942,GGB225000007,금정역,26167
37.3716833,126.9433667,GGB225000011,금정역,26112
37.3678333,126.9451833,GGB225000012,금정가구거리,26126
37.3655167,126.9463167,GGB225000013,금정IC,26135
37.3602333,126.9483833,GGB225000014,당동지하차도.G샘병원,26141
37.3686167,126.9444167,GGB225000015,금정가구거리,26117
37.3742833,126.9451,GGB225000016,금정역.서진산업,26127
37.3766833,126.9421167,GGB225000017,산본고가도로,26103
37.3769167,126.9422167,GGB225000018,산본고가도로,26100
37.3755333,126.9437667,GGB225000019,한림휴먼타워,26114
37.3745833,126.9451667,GGB225000020,금정역.서진산업,26123
37.3633833,126.94455,GGB225000028,금정새마을금고,26120
37.3621333,126.9455833,GGB225000029,제일공원앞,26130
37.3593,126.9463667,GGB225000030,군포성당,26134
37.3563,126.9451833,GGB225000031,군포중학교,26122
37.3565833,126.9449667,GGB225000043,군포중학교,26121
37.35865,126.946,GGB225000044,군포성당,26132
37.36195,126.9455167,GGB225000045,제일공원앞,26125
37.3635,126.9442667,GGB225000046,금정새마을금고,26115
37.3578667,126.9336333,GGB225000047,산본역,26054
37.35545,126.9333833,GGB225000048,주공2단지충무아파트,26052
37.3551667,126.9332333,GGB225000051,주공2.3단지아파트입구,26053
37.3582,126.9324,GGB225000052,산본역,26046
37.3601833,126.9367,GGB225000053,군포경찰서,26067
37.3655333,126.9534833,GGB225000054,구군포교,26151
37.3627833,126.9512667,GGB225000055,농심,26148
37.3607167,126.9497667,GGB225000056,당동지하차도,26143
37.3574667,126.9478167,GGB225000057,군포G샘병원,26139
37.3558667,126.9470833,GGB225000058,군포중학교,26137
37.35195,126.9537167,GGB225000061,당정우편취급국,26152
37.3525833,126.9561,GGB225000062,대영전자,26158
37.35275,126.9595667,GGB225000063,군포소공인특화지원센터,26162
37.3527167,126.9595,GGB225000064,군포소공인특화지원센터,26161
37.3527667,126.9575,GGB225000065,다가온다문화체험공간,26156
37.3587833,126.9233833,GGB225000067,경기폴리텍고등학교,26009
37.36455,126.9265333,GGB225000068,남천병원.서울시남부기술교육원,26030
37.3667833,126.92915,GGB225000069,군포문화예술회관,26039
37.3684,126.9310167,GGB225000070,우방아파트,26045
37.37015,126.9330833,GGB225000071,산본2동행정복지센터,26050
37.3568333,126.9226333,GGB225000080,8단지삼환계룡아파트,26008
37.3556667,126.9207,GGB225000081,수리동행정복지센터,26005
37.3560333,126.9179833,GGB225000082,8단지덕유아파트,26002
37.3580667,126.9164167,GGB225000083,수리동설악아파트,26001
37.35935,126.92065,GGB225000084,금강아파트,26006
37.3683167,126.93685,GGB225000085,산본래미안아파트,26066
37.36445,126.9340333,GGB225000086,11단지주공아파트,26057
37.3605167,126.9329667,GGB225000089,군포시청.군포시의회,26049
37.3639,126.93335,GGB225000090,늘푸른노인복지관,26056
37.3686667,126.9368167,GGB225000091,산본래미안아파트,26072
37.3546,126.9260167,GGB225000092,철쭉동산.철쭉공원,26019
37.3612667,126.9229667,GGB225000093,둔전초등학교,26007
37.36255,126.9241167,GGB225000094,극동아파트,26012
37.3712833,126.9344667,GGB225000095,13단지아파트입구,26058
37.3702833,126.9371333,GGB225000096,산본시장,26070
37.3654333,126.9426667,GGB225000097,금정농협앞,26105
37.3700833,126.9368833,GGB225000098,산본래미안아파트,26071
37.3701,126.9336167,GGB225000099,산본2동행정복지센터,26051
37.3680833,126.9312,GGB225000100,장미아파트,26044
37.3519667,126.9541167,GGB225000101,당정우편취급국,26153
37.357,126.9470833,GGB225000104,군포중학교,26138
37.3608167,126.94955,GGB225000105,당동지하차도,26142
37.3656,126.9533667,GGB225000106,구군포교,26150
37.3545833,126.9464167,GGB225000112,군포1동행정복지센터.군포역,26136
37.35975,126.9478833,GGB225000113,군포G샘병원,26140
37.36655,126.9453333,GGB225000114,금정IC,26129
37.3710833,126.94325,GGB225000115,금정역,26111
37.3603,126.9336167,GGB225000116,군포시청.군포시의회,26055
37.3527333,126.9455333,GGB225000117,군포1동행정복지센터.군포역,26128
37.3759833,126.9412833,GGB225000125,산본고가도로,26094
37.3737667,126.9423833,GGB225000126,산본1동,26101
37.3717833,126.9422,GGB225000127,금정역,26098
37.3702833,126.9399667,GGB225000128,삼성아파트입구,26083
37.36845,126.9382667,GGB225000129,산본시장사거리,26077
37.3649667,126.9403167,GGB225000130,금정초등학교,26086
37.3631833,126.94135,GGB225000131,국민은행,26095
37.3619,126.9406333,GGB225000132,신환아파트,26091
37.3607167,126.9384167,GGB225000133,군포경찰서,26078
37.3530667,126.9328,GGB225000136,군포화산초등학교.소월아파트,26048
37.3521667,126.9284167,GGB225000145,흥진중학교,26034
37.3532333,126.9327,GGB225000147,3단지.율곡아파트,26047
37.3621833,126.9404333,GGB225000151,신환아파트,26087
37.3634167,126.9408667,GGB225000152,국민은행,26093
37.3647833,126.9400833,GGB225000153,금정초등학교,26085
37.3683167,126.9379667,GGB225000154,산본래미안아파트,26076
37.3705333,126.93955,GGB225000155,산본1동입구,26081
37.3737833,126.942,GGB225000156,산본1동,26097
37.3758333,126.9409833,GGB225000157,산본고가도로,26092
37.3633833,126.9598833,GGB225000158,한솔테크노타운,26163
37.3626833,126.9509667,GGB225000160,농심,26170
37.3669667,126.9425833,GGB225000170,은혜공원,26190
37.3566,126.91615,GGB225000200,중앙도서관,26230
37.3609833,126.9381833,GGB225000210,느티울공원입구,26191
37.3593667,126.92685,GGB225000211,7단지아파트,26199
37.3591667,126.9270333,GGB225000212,6단지아파트,26193
37.3614833,126.9307167,GGB225000213,중앙공원,26195
37.3612667,126.9309167,GGB225000214,이마트,26198
37.3727,126.93665,GGB225000215,14단지아파트사거리,26192
37.3740833,126.9382667,GGB225000216,산본1동행정복지센터,26194
37.3595167,126.91795,GGB225000239,수리동성당,26221
37.3559,126.9595833,GGB225000282,애자교입구,26259
37.3560833,126.9594667,GGB225000283,애자교입구,26260
37.3518167,126.9611,GGB225000452,경기외고,26437
37.3672,126.9669167,GGB226000003,LG아파트,27045
37.3622667,126.9678333,GGB226000004,의왕초등학교,27051
37.3518333,126.9789167,GGB226000008,선경무궁화아파트,27093
37.35385,126.9763167,GGB226000009,의왕시평생학습관.복전원,27082
37.3554333,126.9711333,GGB226000010,오전초등학교.동백아파트,27062
37.3575333,126.9689667,GGB226000011,글로벌도서관.신안아파트,27054
37.3578,126.9689667,GGB226000012,글로벌도서관.성원아파트,27053
37.3557,126.9709833,GGB226000013,오전초등학교.동백아파트,27061
37.35445,126.9758167,GGB226000014,의왕시평생학습관,27075
37.3521833,126.9787167,GGB226000015,선경무궁화아파트,27091
37.3844,126.9763833,GGB226000016,인덕원센트럴자이아파트사거리,27083
37.3849833,126.9839,GGB226000019,포일성당,27114
37.3868,126.9844167,GGB226000020,백운고등학교,27115
37.3887833,126.9824667,GGB226000021,내손초등학교.인덕원퍼스비엘아파트,27110
37.3908,126.9805167,GGB226000022,두산위브2단지,27101
37.3899,126.9783167,GGB226000023,두산위브1단지.내손이편한세상1단지,27090
37.3883167,126.9745667,GGB226000024,농협삼거리.우미린아파트,27153
37.3540333,126.9697333,GGB226000043,오전동주민센터,27133
37.3577667,126.9661333,GGB226000044,신안아파트.글로벌도서관,27139
37.36085,126.9627,GGB226000045,의왕더샵캐슬아파트.가구단지입구,27156
37.3568167,126.9678333,GGB226000046,의왕지구대.글로벌도서관,27135
37.3534,126.9709833,GGB226000047,오전동주민센터,27138
37.3863333,126.9784167,GGB226000052,내손이편한세상4단지,27095
37.3883333,126.9805,GGB226000053,내동.내손초등학교,27107
37.39165,126.9819833,GGB226000054,동아에코빌.인덕원퍼스비엘아파트,27111
37.395,126.9849667,GGB226000056,인덕원푸르지오엘센트로.의왕고용복지플러스센터,27116
37.3953,126.98515,GGB226000057,인덕원푸르지오엘센트로.의왕고용복지플러스센터,27117
37.3914167,126.9820167,GGB226000059,인덕원퍼스비엘아파트.동아에코빌,27109
37.3882167,126.9807167,GGB226000060,내동.내손초등학교,27108
37.38605,126.9784333,GGB226000061,내손이편한세상5단지,27096
37.3832333,126.9777833,GGB226000062,의왕글로벌인재센터,27086
37.3815667,126.9755833,GGB226000063,의왕국민체육센터,27076
37.3779,126.9759667,GGB226000064,갈뫼중학교.내손1동주민센터,27078
37.3760667,126.9731667,GGB226000065,갈뫼초등학교,27069
37.3763667,126.9706667,GGB226000066,대원아파트,27060
37.3608833,126.9676833,GGB226000110,대명아파트.경기중앙교회,27052
37.3631667,126.9673,GGB226000111,해모로아파트.의왕초등학교,27049
37.36725,126.9666,GGB226000112,LG아파트,27044
37.3918667,126.98825,GGB226000117,서울구치소,27120
37.3919,126.9889,GGB226000118,서울구치소,27121
37.3797167,126.9749333,GGB226000123,계원예술대학교,27081
37.3606833,126.9634667,GGB226000124,의왕더샵캐슬아파트.가구단지입구,27134
37.37665,126.9705833,GGB226000126,대원아파트,27058
37.3761833,126.9723,GGB226000127,갈뫼초등학교,27065
37.3773,126.9752667,GGB226000128,갈뫼중학교.내손1동주민센터,27072
37.3815,126.9752,GGB226000130,의왕국민체육센터,27074
37.3833,126.9775667,GGB226000131,의왕글로벌인재센터,27089
37.3928333,126.9809,GGB226000132,벌말초교.한일나래,27104
37.3927833,126.9806,GGB226000133,벌말초교.한일나래,27151
37.3848833,126.9727333,GGB226000134,농수산물시장.포일단지입구,27067
37.3787167,126.9705333,GGB226000135,안양남초등학교,27057
37.3746,126.9676333,GGB226000136,샘마을단지.대안중.대안여중,27050
37.3791833,126.9755833,GGB226000140,계원예술대학교,27070
37.38915,126.98225,GGB226000142,내손초등학교.인덕원퍼스비엘아파트,27146
37.3854833,126.98205,GGB226000143,등대교회.인덕원자이SK뷰아파트,27068
37.3846833,126.9838333,GGB226000149,포일성당,27144
37.3866,126.98465,GGB226000150,백운고등학교,27143
37.3592,126.9665,GGB226000154,근로자복지회관,27142
37.36355,126.9660333,GGB226000166,가구단지입구,27159
37.3633833,126.9660167,GGB226000167,가구단지입구,27160
37.3983333,126.9866333,GGB226000168,통합농협IT센터.에이스청계타워,27161
37.3970333,126.9869333,GGB226000169,에이스청계타워,27162
37.3857667,126.9814,GGB226000175,등대교회.인덕원자이SK뷰아파트,27168
37.3649833,126.96445,GGB226000176,신원수선화아파트,27169
37.3925,126.9855,GGB226000188,인덕원푸르지오엘센트로후문,27184
37.3922667,126.9855833,GGB226000189,인덕원푸르지오엘센트로후문,27183
37.3837833,126.9749167,GGB226000193,인덕원센트럴자이아파트,27196
37.39785,126.9868833,GGB226000204,숲속마을1단지.통합농협IT센터,27198
37.3968667,126.98615,GGB226000205,숲속마을1단지,27200
37.4038167,126.9863,GGB226000206,숲속마을3.5단지,27199
37.4035,126.9865,GGB226000207,숲속마을3.5단지,27201
37.40125,126.9858,GGB226000208,숲속마을4단지,27202
37.4012333,126.9855667,GGB226000209,숲속마을4단지,27203
37.3896833,126.98145,GGB226000210,내손이편한세상1단지,27119
37.3701,126.9662167,GGB226000211,모락고등학교,27204
37.3612333,126.9667333,GGB226000220,대명구름채.더샵캐슬아파트.경기중앙교회,27216
37.3611333,126.96665,GGB226000221,더샵캐슬.대명구름채아파트.경기중앙교회,27217
37.3593167,126.9661333,GGB226000222,근로자복지회관,27218
37.3960667,126.9855,GGB226000223,숲속마을입구.의왕고용복지플러스센터,27206
37.39605,126.9851667,GGB226000224,숲속마을입구.의왕고용복지플러스센터,27207
37.4003833,126.9872833,GGB226000227,숲속마을2단지,27221
37.4009333,126.9887,GGB226000228,숲속마을2단지,27222
37.38495,126.9796,GGB226000238,내손중고등학교.인덕원자이SK뷰,27412
37.38515,126.9795333,GGB226000239,내손중고등학교.인덕원자이SK뷰,27413
37.3621833,126.9664167,GGB226000244,대명구름채.더샵캐슬아파트.가구골목,27234
37.3623,126.96625,GGB226000245,더샵캐슬.대명구름채아파트.가구골목,27235
37.3654167,126.96605,GGB226000246,해모로아파트정문.수선화아파트,27236
37.3647167,126.9648333,GGB226000247,호계현대아파트,27237
37.3847667,126.9829167,GGB226000251,인덕원자이SK뷰아파트,27241
37.3800833,126.9729333,GGB226000340,롯데마트,27330
37.3792667,126.978,GGB226000361,계원예술대학교입구,27347
37.3796167,126.9769167,GGB226000362,계원예술대학교입구,27348
37.3581333,126.9637,GGB226000392,오전공단,27377
37.35785,126.96375,GGB226000393,오전공단,27378
37.3571667,126.9614833,GGB226000394,삼천리자전거,27379
37.3567833,126.9611833,GGB226000395,삼천리자전거,27380
37.3796,126.9726833,GGB226000414,롯데마트,27405
37.37885,126.98335,GGB226000415,갈미한글공원,27406
37.3781167,126.9838167,GGB226000416,갈미한글공원,27407
37.4055167,126.9871167,GGB277101753,차량출발(미정차),0
37.38315,126.9528,GGB277101779,방축사거리(미정차),0
37.39525,126.9488833,GGB277102195,샛별마을한양6단지(미정차),0
37.3988833,126.9453,GGB277102196,학운교(미정차),0
37.4199333,126.89515,GGB277102421,석수동버스공영차고지(미정차),0
37.4094167,126.8934167,GGB277102746,충훈부차고지(미정차),0
37.3964,126.9391167,GGB277102750,비산교(미정차),0
37.42345,126.9001833,GGB277102916,석수IC(미정차),0
37.4237833,126.9001833,GGB277102917,석수IC(미정차),0
37.3865667,126.9446,GGB277103081,경원여객안양차고지(미정차),0
37.3976,126.9691833,GGB277103100,평촌차고지(미정차),0
37.3975167,126.9691333,GGB277103101,평촌차고지(미정차),0
37.39435,126.9599167,GGB277103103,국토연구원사거리(미정차),0
37.39285,126.9554667,GGB277103105,시청사거리(미정차),0
37.4202167,126.8949833,GGB277104392,석수동버스공영차고지(미정차),0
37.4206833,126.9070333,GGB277104406,석수주유소삼거리(미정차),0
37.4060167,126.9870333,GGB277104727,차량대기(미정차),0
37.4047667,126.9866,GGB277104728,기점진입전(미정차),0
37.3843167,126.9016167,GGB277104911,차고지(미정차),0
