dong,category,sales_amount,sales_count
갈산동,공공/기업/단체,87942242,13047
갈산동,공연/전시,65855182,44
갈산동,미디어/통신,13778161,20
갈산동,생활서비스,516379751,10946
갈산동,소매/유통,2354660843,165158
갈산동,여가/오락,115503994,3043
갈산동,음식,1485552516,93255
갈산동,의료/건강,570322089,13688
갈산동,학문/교육,743170610,3282
관양동,공공/기업/단체,174697060,9521
관양동,공연/전시,10805615,28
관양동,미디어/통신,33862388,2714
관양동,생활서비스,4196101050,110393
관양동,소매/유통,19973765790,924759
관양동,여가/오락,1291648016,42475
관양동,음식,16237991876,794991
관양동,의료/건강,8922029067,232235
관양동,학문/교육,1862903315,6007
귀인동,공공/기업/단체,428652442,5689
귀인동,공연/전시,1946846,9
귀인동,미디어/통신,77394643,238
귀인동,생활서비스,981418096,41852
귀인동,소매/유통,17586990292,658180
귀인동,여가/오락,1458210859,69796
귀인동,음식,14204579960,594844
귀인동,의료/건강,5167047768,138918
귀인동,학문/교육,14256810266,53100
달안동,공공/기업/단체,272673100,7836
달안동,공연/전시,75362,6
달안동,미디어/통신,2983527180,118241
달안동,생활서비스,1939300079,31966
달안동,소매/유통,7960474559,307681
달안동,여가/오락,1422176491,6204
달안동,음식,3110610050,169429
달안동,의료/건강,4779205408,83164
달안동,학문/교육,516016157,1601
박달동,공공/기업/단체,38515815,767
박달동,공연/전시,8631109,422
박달동,생활서비스,652601723,14028
박달동,소매/유통,5559740709,373754
박달동,여가/오락,376108951,28667
박달동,음식,5082370453,244688
박달동,의료/건강,2394578790,84643
박달동,학문/교육,722938677,2032
범계동,공공/기업/단체,310282684,7851
범계동,공연/전시,229343532,14283
범계동,미디어/통신,770530431,36231
범계동,생활서비스,6849773064,139656
범계동,소매/유통,146258299147,2769145
범계동,여가/오락,3494212903,467923
범계동,음식,33199362769,1434723
범계동,의료/건강,41621049613,663410
범계동,학문/교육,2553734475,65758
부림동,공공/기업/단체,303626652,3829
부림동,공연/전시,254787,2
부림동,미디어/통신,79208608,2958
부림동,생활서비스,4953914993,169319
부림동,소매/유통,37754722356,1346412
부림동,여가/오락,1802794415,38411
부림동,음식,18097245442,642493
부림동,의료/건강,13591968839,269223
부림동,학문/교육,1955194206,8996
부흥동,공공/기업/단체,149315767,5692
부흥동,공연/전시,3726852,6
부흥동,생활서비스,1528087735,110790
부흥동,소매/유통,3495690133,236115
부흥동,여가/오락,573614086,3873
부흥동,음식,2820714337,233026
부흥동,의료/건강,11131078713,128888
부흥동,학문/교육,2179815667,5736
비산1동,공공/기업/단체,58515810,4864
비산1동,공연/전시,46667056,342
비산1동,미디어/통신,393805,61
비산1동,생활서비스,4443600590,96748
비산1동,소매/유통,4558453143,335445
비산1동,여가/오락,865874493,22960
비산1동,음식,3749220693,249174
비산1동,의료/건강,5557073137,151352
비산1동,학문/교육,2272659043,10010
비산2동,공공/기업/단체,10578679,444
비산2동,미디어/통신,233238,20
비산2동,생활서비스,4761885606,94063
비산2동,소매/유통,25020421987,595578
비산2동,여가/오락,248252391,5148
비산2동,음식,3150490111,150893
비산2동,의료/건강,3153800820,122673
비산2동,학문/교육,2500047885,22841
비산3동,공공/기업/단체,1291600421,48342
비산3동,미디어/통신,22788789,1769
비산3동,생활서비스,1907428585,29160
비산3동,소매/유통,6559855377,363535
비산3동,여가/오락,385217658,22104
비산3동,음식,9915408911,300042
비산3동,의료/건강,7558943112,95706
비산3동,학문/교육,1156024353,3310
석수1동,공공/기업/단체,175838839,145
석수1동,공연/전시,46907954,3405
석수1동,미디어/통신,969388,2
석수1동,생활서비스,5434876237,113371
석수1동,소매/유통,5396484517,318597
석수1동,여가/오락,591359996,22392
석수1동,음식,11304610515,432047
석수1동,의료/건강,2118717393,39264
석수1동,학문/교육,856888900,3268
석수2동,공공/기업/단체,241391172,867
석수2동,공연/전시,3885071,442
석수2동,미디어/통신,141354,5
석수2동,생활서비스,4554857572,1179043
석수2동,소매/유통,10378214892,2737523
석수2동,여가/오락,807103382,24041
석수2동,음식,5473229066,249696
석수2동,의료/건강,2147620174,90602
석수2동,학문/교육,2089516058,7801
신촌동,공공/기업/단체,183023556,836
신촌동,공연/전시,1558802,44
신촌동,미디어/통신,30921,2
신촌동,생활서비스,3293309840,81198
신촌동,소매/유통,7173739796,375543
신촌동,여가/오락,219013288,6498
신촌동,음식,6092938247,331160
신촌동,의료/건강,1594743842,32546
신촌동,학문/교육,17136017879,57821
안양1동,공공/기업/단체,901338039,46409
안양1동,공연/전시,3342360,22
안양1동,미디어/통신,33587302,1384
안양1동,생활서비스,1743008958,56866
안양1동,소매/유통,16418330650,800421
안양1동,여가/오락,1605084977,267642
안양1동,음식,18473478643,1103269
안양1동,의료/건강,11418044614,213268
안양1동,학문/교육,1187775036,26679
안양2동,공공/기업/단체,265647728,5186
안양2동,공연/전시,7384157,461
안양2동,미디어/통신,4257472,21
안양2동,생활서비스,3090242685,56761
안양2동,소매/유통,12852390156,622205
안양2동,여가/오락,742830747,21628
안양2동,음식,9268159192,371413
안양2동,의료/건강,5272571249,110559
안양2동,학문/교육,1245806155,9775
안양3동,공공/기업/단체,31048822,1100
안양3동,공연/전시,2678031,3
안양3동,미디어/통신,43400957,361
안양3동,생활서비스,7520386853,173761
안양3동,소매/유통,5633061502,359838
안양3동,여가/오락,494249540,6668
안양3동,음식,4250469356,184466
안양3동,의료/건강,2795316549,48119
안양3동,학문/교육,506326873,2043
안양4동,공공/기업/단체,232172082,2998
안양4동,공연/전시,50839508,3290
안양4동,미디어/통신,137136488,7691
안양4동,생활서비스,1668181383,59912
안양4동,소매/유통,24849095706,1263230
안양4동,여가/오락,1253880284,40973
안양4동,음식,13451730237,796937
안양4동,의료/건강,17413256578,361228
안양4동,학문/교육,860750362,2859
안양5동,공공/기업/단체,29172193,265
안양5동,공연/전시,2723227,17
안양5동,미디어/통신,6280696,100
안양5동,생활서비스,1746111802,43280
안양5동,소매/유통,5618426397,258779
안양5동,여가/오락,190546928,12356
안양5동,음식,3087125236,176185
안양5동,의료/건강,12905559498,188404
안양5동,학문/교육,845588210,2368
안양6동,공공/기업/단체,307672195,22439
안양6동,미디어/통신,427155,29
안양6동,생활서비스,4378815485,97841
안양6동,소매/유통,8207778834,619514
안양6동,여가/오락,912961815,21657
안양6동,음식,6534184993,277668
안양6동,의료/건강,3909838698,69445
안양6동,학문/교육,847624533,3309
안양7동,공공/기업/단체,504789844,3922
안양7동,미디어/통신,8981916,379
안양7동,생활서비스,1895711687,46086
안양7동,소매/유통,8261682447,410665
안양7동,여가/오락,1017847177,43261
안양7동,음식,5765515816,378371
안양7동,의료/건강,3925084972,89384
안양7동,학문/교육,2554170725,12481
인덕원동,공공/기업/단체,1980937228,103144
인덕원동,공연/전시,3640582,109
인덕원동,미디어/통신,291548747,4300
인덕원동,생활서비스,12241927804,211090
인덕원동,소매/유통,19950722555,1113083
인덕원동,여가/오락,3486442345,95901
인덕원동,음식,28748634322,1109451
인덕원동,의료/건강,28032619675,403406
인덕원동,학문/교육,1114152000,21967
충훈동,공공/기업/단체,4351792,111
충훈동,미디어/통신,111317,2
충훈동,생활서비스,385445797,7223
충훈동,소매/유통,2399973166,195079
충훈동,여가/오락,121561890,4889
충훈동,음식,1285087586,89539
충훈동,의료/건강,558679496,22244
충훈동,학문/교육,741985613,2739
평안동,공공/기업/단체,23048597,47
평안동,미디어/통신,152841,2
평안동,생활서비스,2705354358,20535
평안동,소매/유통,2367680595,209252
평안동,여가/오락,47849510,117
평안동,음식,1188921793,85411
평안동,의료/건강,41437127454,270338
평안동,학문/교육,1299645201,4725
평촌동,공공/기업/단체,50796602,1366
평촌동,미디어/통신,96726835,5728
평촌동,생활서비스,5610857324,123937
평촌동,소매/유통,15969675711,582725
평촌동,여가/오락,1064717645,28529
평촌동,음식,6238543527,345779
평촌동,의료/건강,5289290162,142330
평촌동,학문/교육,1506932523,17020
호계1동,공공/기업/단체,1687895192,8681
호계1동,공연/전시,1951619,14
호계1동,미디어/통신,29070934,404
호계1동,생활서비스,4579956825,114625
호계1동,소매/유통,13890676529,735076
호계1동,여가/오락,893106596,29629
호계1동,음식,9543983561,582927
호계1동,의료/건강,11855336458,265851
호계1동,학문/교육,1692356054,10505
호계2동,공공/기업/단체,533226485,10754
호계2동,미디어/통신,499999,17
호계2동,생활서비스,88049909247,217484
호계2동,소매/유통,7554770217,409324
호계2동,여가/오락,931536483,19231
호계2동,음식,5788032414,304076
호계2동,의료/건강,3627399695,65195
호계2동,학문/교육,2296428068,8202
호계3동,공공/기업/단체,74494022,2644
호계3동,공연/전시,762954,67
호계3동,미디어/통신,1135635,22
호계3동,생활서비스,4002871662,89780
호계3동,소매/유통,8164194007,448885
호계3동,여가/오락,840311268,11295
호계3동,음식,6381072147,251793
호계3동,의료/건강,5929310753,159679
호계3동,학문/교육,1184507357,5848
호현동,공공/기업/단체,80708055,12033
호현동,미디어/통신,233676,19
호현동,생활서비스,7678318489,133600
호현동,소매/유통,3795038558,241806
호현동,여가/오락,504169947,17343
호현동,음식,1896518005,100953
호현동,의료/건강,1165892672,42046
호현동,학문/교육,1620087141,4888
